restaurant_name,restaurant_url,section,name,description,price
Village Pizzeria & Ristorante,https://villagepizzeria.com/,Appetizers,Chicken Wings- Traditional -or- Boneless,BBQ /Carolina Gold/ Medium / Hot / Garlic Parm / Maple Sriracha,
Village Pizzeria & Ristorante,https://villagepizzeria.com/,Appetizers,Calamari- Crispy or Sauteed,With marinara sauce & fresh lemon,
Village Pizzeria & Ristorante,https://villagepizzeria.com/,Appetizers,Garlic Bread with Cheese,"Homemade fresh Italian baguette baked with garlic, olive oil, parmesan, mozzarella & herbs",
Village Pizzeria & Ristorante,https://villagepizzeria.com/,Appetizers,Sautéed Escarole & Sausage,,
Village Pizzeria & Ristorante,https://villagepizzeria.com/,Appetizers,Fresh Tomato Bruschetta,"Fresh tomato, basil, red onion, garlic & olive oil, served on toasted Italian baguette, finished with balsamic glaze",
Village Pizzeria & Ristorante,https://villagepizzeria.com/,Appetizers,Sautéed Kale & Lentils,"Fresh kale sautéed with red lentils, garlic & olive oil, finished with reggiano parmigiano cheese",
Village Pizzeria & Ristorante,https://villagepizzeria.com/,Appetizers,Mozzarella Sticks,"Served with marinara sauce, Melba Sauce (+$1)",$1
Village Pizzeria & Ristorante,https://villagepizzeria.com/,Appetizers,SAM ADAMS STEAMED CLAMS,"Fresh Rhode Island littleneck clams steamed in Sam Adams lager with garlic & fresh herbs, served with drawn butter",
Village Pizzeria & Ristorante,https://villagepizzeria.com/,Appetizers,Crispy Truffled Artichokes,"Flash fried artichoke hearts tossed with parmesan cheese, white truffle salt & olive oil",
Village Pizzeria & Ristorante,https://villagepizzeria.com/,Soup & Salad,Kale Apple Salad,"Fresh kale, apples, craisins, walnuts, goat cheese & apple cider vinaigrette",
Village Pizzeria & Ristorante,https://villagepizzeria.com/,Soup & Salad,Burratta Arugula Caprese,"Buratta mozzarella with tomato, basil & Extra Virgin Olive Oil over Arugula & finished with balsamic glaze",$16.5
Village Pizzeria & Ristorante,https://villagepizzeria.com/,Soup & Salad,Antipasto,"Mixed green salad with salami, ham, pepperoni, fontinella & provolone cheese, olives, onions, chick peas,    hot cherry & pepperoncini peppers, sweet roasted red peppers.  Served with house Italian vinaigrette dressing",
Village Pizzeria & Ristorante,https://villagepizzeria.com/,Soup & Salad,Ahi Tuna Salad,"Seared tuna with mixed greens, cucumber, tomato, wasabi, fresh ginger, & cucumber wasabi dressing",
Village Pizzeria & Ristorante,https://villagepizzeria.com/,Soup & Salad,Pear Gorgonzola Salad,"Pears, gorgonzola cheese, walnuts, craisins & pappadew peppers over fresh greens, with house Italian vinaigrette dressing",
Village Pizzeria & Ristorante,https://villagepizzeria.com/,Soup & Salad,Caesar Salad,Small-(Individual)  -or-Large-(Family Style),
Village Pizzeria & Ristorante,https://villagepizzeria.com/,Soup & Salad,Garden Salad,Small-(Individual)  -or-Large-(Family Style),
Village Pizzeria & Ristorante,https://villagepizzeria.com/,Soup & Salad,Roasted Root Veggie Bowl,"Roasted beets, sweet potatoes, quinoa & goat cheese, with a side of lemon vinaigrette",
Village Pizzeria & Ristorante,https://villagepizzeria.com/,Soup & Salad,Pasta e Fagioli Soup,,
Village Pizzeria & Ristorante,https://villagepizzeria.com/,Soup & Salad,Escarole & Bean Soup,,
Village Pizzeria & Ristorante,https://villagepizzeria.com/,Soup & Salad,French Onion Crock,Baked with toasted baguette & mozzarella,
Village Pizzeria & Ristorante,https://villagepizzeria.com/,Pasta,Linguini & Clam Sauce,"Little neck & baby clams, White-or-Red add Italian sausage (+$3)",$3
Village Pizzeria & Ristorante,https://villagepizzeria.com/,Pasta,Pappardelle Bolognese,"Slow simmered tomato ragu of veal, beef & pork over fresh Pappardelle pasta.",
Village Pizzeria & Ristorante,https://villagepizzeria.com/,Pasta,Chicken Carciofini,"Sautéed chicken breast tenders, artichokes, mushrooms & sun dried tomatoes tossed with pasta in light brandy cream sauce",
Village Pizzeria & Ristorante,https://villagepizzeria.com/,Pasta,Orecchiette Calabrese,"Sautéed chicken breast tenders, chorizo sausage, fresh kale & hot Calabrese peppers in a spicy cream sauce tossed with pasta",
Village Pizzeria & Ristorante,https://villagepizzeria.com/,Pasta,Manicotti,Ricotta & pecorino cheeses stuffed pasta crepes baked with mozzarella & marinara sauce,
Village Pizzeria & Ristorante,https://villagepizzeria.com/,Pasta,Lasagne,"16 oz. baked beef, sausage, pasta, ricotta, mozzarella & marinaraGluten Free +3",
Village Pizzeria & Ristorante,https://villagepizzeria.com/,Pasta,Grande Five Cheese Ravioli,"Jumbo Grande cheese ravioli, served with Marinara sauce.Gluten Free +$3",$3
Village Pizzeria & Ristorante,https://villagepizzeria.com/,House Specialties,Village Pizzeria Sampler,"Baked manicotti, shells Florentine, eggplant rollatini & chicken parmigiana, baked with marinara, mozzarella & reggiano parmigiano cheese",
Village Pizzeria & Ristorante,https://villagepizzeria.com/,House Specialties,Chicken Florentine,"Baked chicken breast stuffed with spinach, artichokes & Italian cheeses over capellini & finished with garlic butter",
Village Pizzeria & Ristorante,https://villagepizzeria.com/,House Specialties,Vitello di Parma,"Fresh hand cut veal medallions sautéed with prosciutto, mushrooms & spinach sautéed in white wine sauce over capellini",
Village Pizzeria & Ristorante,https://villagepizzeria.com/,House Specialties,Shrimp Cassandra,Prosciutto wrapped jumbo shrimp over crispy spinach & capellini in garlic butter,
Village Pizzeria & Ristorante,https://villagepizzeria.com/,House Specialties,Eggplant Napolitano,"Battered eggplant stacked with fresh mozzarella, basil & marinara, served over pasta",
Village Pizzeria & Ristorante,https://villagepizzeria.com/,House Specialties,Pork Osso Bucco,"Braised bone-In pork shank smothered in mushroom gravy, served with garlic mashed potatoes & seasonal vegetables",
Village Pizzeria & Ristorante,https://villagepizzeria.com/,Pizza,Classic Cheese Pizza,Toppings:,$22
Village Pizzeria & Ristorante,https://villagepizzeria.com/,Gourmet Pizza,Gourmet Pizza,"mozzarella cheese & pizza sauce -or- “white” garlic, olive oil & herbs 14 inch Gluten Free available add $5 10″, 14″, 16″",$5
Village Pizzeria & Ristorante,https://villagepizzeria.com/,Entrées,RIGATONI ANTONIO,"Shrimp, scallops, broccoli & sweet red peppers, tossed with rigatoni in Cajun cream sauce",
Village Pizzeria & Ristorante,https://villagepizzeria.com/,Entrées,Chicken Piccatta,"Sautéed in lemon-butter-white wine sauce & capers, with pasta",
Village Pizzeria & Ristorante,https://villagepizzeria.com/,Entrées,CHARRED TOMATO CHICKEN CAPRESE,"Pan seared chicken, fire roasted tomato, burrata, basil, balsamic glaze & pappardelle",
Village Pizzeria & Ristorante,https://villagepizzeria.com/,Entrées,Calabrese Shrimp Diavolo,"Sautéed shrimp with spicy Calabrese peppers, garlic, olive oil, fresh basil & pastaSubstitute lobster (+6)Add Sausage (+3)",
Village Pizzeria & Ristorante,https://villagepizzeria.com/,Entrées,Baked Stuffed Shrimp,"Crabmeat & breadcrumb stuffed jumbo shrimp, served with risotto & vegetables",
Village Pizzeria & Ristorante,https://villagepizzeria.com/,Entrées,Haddock Pomodoro,Panko & parmesan encrusted haddock filet with San Marzano tomatoes served over crispy spinach & capellini finished with garlic butter & herbs,$27
Village Pizzeria & Ristorante,https://villagepizzeria.com/,Entrées,NY Strip Sirloin,Char-grilled 14 oz sirloin served with sautéed vegetables & choice of mashed potatoes or pasta-add portobello mushrooms +$3,$3
Village Pizzeria & Ristorante,https://villagepizzeria.com/,Entrées,Veal Calabrese,"Breaded veal medallions baked with prosciutto, spicy Calabrese peppers, fontina & mozzarella cheeses, with pasta marinara",
Village Pizzeria & Ristorante,https://villagepizzeria.com/,Entrées,Veal Piccatta,"Veal cutlet sautéed in lemon-butter-white wine sauce with capers, with a side of pasta marinara or over pasta with picatta sauce",
Village Pizzeria & Ristorante,https://villagepizzeria.com/,Entrées,Veal Marsala,"Sautéed veal cutlet with fresh mushrooms in rich Marsala wine sauce, with a side of pasta with marinara or Marsala sauce",
Village Pizzeria & Ristorante,https://villagepizzeria.com/,Entrées,Veal Francese,"Egg dipped veal cutlet sautéed in lemon-butter & white wine sauce, with risotto & sautéed vegetables",
Village Pizzeria & Ristorante,https://villagepizzeria.com/,Entrées,Veal Parmigiana,"Fresh cut & lightly breaded veal medallions baked with mozzarella & parmesan cheeses, with pasta marinara",
Village Pizzeria & Ristorante,https://villagepizzeria.com/,Entrées,Chicken Marsala,"Sautéed chicken breast with fresh mushrooms in rich Marsala wine sauce, with a side of pasta with marinara or Marsala sauce",
Village Pizzeria & Ristorante,https://villagepizzeria.com/,Entrées,Chicken Francese,"Egg dipped chicken breast sautéed in lemon-butter & white wine sauce, with risotto & sautéed vegetables",
Village Pizzeria & Ristorante,https://villagepizzeria.com/,Entrées,Chicken Parmigiana,"Breaded chicken breast baked with mozzarella & parmigiano reggiano cheese, served with pasta marinara",
Village Pizzeria & Ristorante,https://villagepizzeria.com/,Burgers,Signature Burger,"Grilled Angus beef with lettuce, tomato & onion served with fries & a pickle",
Village Pizzeria & Ristorante,https://villagepizzeria.com/,Burgers,Bourbon Burger,"Grilled Angus beef, bourbon glazed bacon, caramelized onion & cheddar cheese, served with fries",
Village Pizzeria & Ristorante,https://villagepizzeria.com/,Signature Sandwiches,Caprese Focaccia,"Prosciutto, tomato, fresh mozzarella, pesto oil & balsamic, with fries",
Village Pizzeria & Ristorante,https://villagepizzeria.com/,Signature Sandwiches,“Villy” Cheese Steak Grinder,"Sliced sirloin, sautéed mushrooms, onion & peppers baked with mozzarella cheese on a toasted grinder roll with a side of marinara sauce",
Village Pizzeria & Ristorante,https://villagepizzeria.com/,Signature Sandwiches,Sirloin Horseradish Focaccia,"$16.50 Sliced sirloin baked with pepper jack-horseradish sauce, and crispy onions & served with fries",$16.50
Village Pizzeria & Ristorante,https://villagepizzeria.com/,Signature Sandwiches,Chicken Parmigiana Grinder,"Breaded chicken baked with mozzarella, parmesan & marinara sauce on a fresh grinder roll",
Village Pizzeria & Ristorante,https://villagepizzeria.com/,Signature Sandwiches,Chicken Sriracha Wrap,"Crispy chicken, lettuce, tomato, sriracha-mayo & fries",
Village Pizzeria & Ristorante,https://villagepizzeria.com/,Signature Sandwiches,Handmade Meatball OR Italian Sweet Sausage Grinder,"Choose either ourHandmade MeatballsorItalian Sweet Sausage, baked with mozzarella & marinara sauce on a Toasted Grinder Roll.",
Village Pizzeria & Ristorante,https://villagepizzeria.com/,Calzones,Calzone,"Our Signature Dough filled with Mozzarella, Ricotta & Pecorino Romano Cheeses, served with Marinara Sauce.  Keep it simple or get creative & add any of our pizza toppings. Keep it simple or get creative and add any of our pizza toppings Small -or- Large",
Village Pizzeria & Ristorante,https://villagepizzeria.com/,Beverages,Saratoga Sparkling Water,$3.50  (12 oz) | $7 (28 oz),$3.50 | $7
Village Pizzeria & Ristorante,https://villagepizzeria.com/,Beverages,San Pellegrino Italian Sparkling Water,,$7.25
Village Pizzeria & Ristorante,https://villagepizzeria.com/,Beverages,Aqua Panna Italian Still Water,,$7.25
Village Pizzeria & Ristorante,https://villagepizzeria.com/,Beverages,Cappuccino,,$7
Village Pizzeria & Ristorante,https://villagepizzeria.com/,Beverages,Lavazza Coffee / Herbal Tea,,$3.5
Village Pizzeria & Ristorante,https://villagepizzeria.com/,Beverages,Espresso,,$4.5
Village Pizzeria & Ristorante,https://villagepizzeria.com/,Beverages,Fountain Soda & Ice Tea,,$3.59
Village Pizzeria & Ristorante,https://villagepizzeria.com/,Beverages,Boylan Natural Sodas,"Black Cherry, Root Beer, Birch Beer, Cream, Orange, Grape, Ginger Ale & Seasonal Selections.",$3.79
Village Pizzeria & Ristorante,https://villagepizzeria.com/,Champagne & Sparkling Wines,"NV Prosecco, Bollicini","(Piedmonte, Italy)",Bottle $35
Village Pizzeria & Ristorante,https://villagepizzeria.com/,Champagne & Sparkling Wines,"NV Sparkling Rosé, Mionetto",(Italy),Bottle $40
Village Pizzeria & Ristorante,https://villagepizzeria.com/,Champagne & Sparkling Wines,"NV Prosecco, Mionetto",(Italy),Bottle $40
Village Pizzeria & Ristorante,https://villagepizzeria.com/,Champagne & Sparkling Wines,"NV Sparkling Brut Rose, La Crème",(California),Bottle $65
Village Pizzeria & Ristorante,https://villagepizzeria.com/,Champagne & Sparkling Wines,"'19 Brut, Segura Viudas Heredad Brut Reserve D.O.","(Cava, Spain) MAGNUM",Bottle $65
Village Pizzeria & Ristorante,https://villagepizzeria.com/,Champagne & Sparkling Wines,"NV Brut Natural, Korbel","(Sonoma, California)",Bottle $48
Village Pizzeria & Ristorante,https://villagepizzeria.com/,Champagne & Sparkling Wines,"NV Brut ""Yellow Label"", Veuve Clicquot",(France),Bottle (375ml) $70 | Bottle $120
Village Pizzeria & Ristorante,https://villagepizzeria.com/,Champagne & Sparkling Wines,NV Veuve Clicquot Yellow Label MAGNUM,,Bottle $250
Village Pizzeria & Ristorante,https://villagepizzeria.com/,White Wines,"'21 Pinot Grigio, Santa Marina","(Veneto, Italy)",Bottle $30
Village Pizzeria & Ristorante,https://villagepizzeria.com/,White Wines,"'21 Pinot Grigio, Santa Margherita","(Alto Adige, Italy)",Bottle $55
Village Pizzeria & Ristorante,https://villagepizzeria.com/,White Wines,"'21 Pinot Grigio, Pighin","(Fruili, Italy)",Bottle $45
Village Pizzeria & Ristorante,https://villagepizzeria.com/,White Wines,"'22 Pinot Gris, Protea",(South Africa),Bottle $35
Village Pizzeria & Ristorante,https://villagepizzeria.com/,White Wines,'22 The Crossing,"(Marlborough, New Zealand)",Bottle $35
Village Pizzeria & Ristorante,https://villagepizzeria.com/,White Wines,'01 Kim Crawford,"(Marlborough, New Zealand)",Bottle $38
Village Pizzeria & Ristorante,https://villagepizzeria.com/,White Wines,'21 Noble Vines,"(Monterey, California)",Bottle $30
Village Pizzeria & Ristorante,https://villagepizzeria.com/,White Wines,'21 Josh,(North Coast),Bottle $30
Village Pizzeria & Ristorante,https://villagepizzeria.com/,White Wines,"'20 Shades of Blue, Riesling","(Mosel, Germany)",Bottle $35
Village Pizzeria & Ristorante,https://villagepizzeria.com/,White Wines,'20 Pacific Rim “Sweet Riesling”,(Washington State),Bottle $30
Village Pizzeria & Ristorante,https://villagepizzeria.com/,White Wines,'21 Leornard Kreusch Liebfraumilch Rheinhessen,(Germany),Bottle $30
Village Pizzeria & Ristorante,https://villagepizzeria.com/,White Wines,'20 Josh Reserve Chardonnay,(North Coast),Bottle $35
Village Pizzeria & Ristorante,https://villagepizzeria.com/,White Wines,'21 Daou St Luis Obispo,(California),Bottle $45
Village Pizzeria & Ristorante,https://villagepizzeria.com/,White Wines,"'20 Four Vines ""Naked Unoaked""","(Santa Barbara, California)",Bottle $35
Village Pizzeria & Ristorante,https://villagepizzeria.com/,White Wines,"'21Kendall-Jackson ""Vintner's Reserve""",(California),Bottle $45
Village Pizzeria & Ristorante,https://villagepizzeria.com/,White Wines,"'18 Pouilly-Fuisse, Louis Latour","(Burgundy, France)",Bottle $55
Village Pizzeria & Ristorante,https://villagepizzeria.com/,White Wines,'20 Hess Collection,"(Napa, California)",Bottle $38
Village Pizzeria & Ristorante,https://villagepizzeria.com/,White Wines,"'13 Chassagne-Montrachet, Louis Latour","(Burgundy, France)",Bottle $95
Village Pizzeria & Ristorante,https://villagepizzeria.com/,White Wines,'20 Kistler,"(Sonoma, California)",Bottle $95
Village Pizzeria & Ristorante,https://villagepizzeria.com/,White Wines,'18 Ardeche Bourgogne,"(Burgundy, France)",Bottle $35
Village Pizzeria & Ristorante,https://villagepizzeria.com/,White Wines,'20 Windracer,(Russian River Valley),Bottle $110
Village Pizzeria & Ristorante,https://villagepizzeria.com/,White Wines,'21 Peter Michael,"(Knights Valley, California)",Bottle $195
Village Pizzeria & Ristorante,https://villagepizzeria.com/,White Wines,'13 Barnett,(Anderson Valley),Bottle $95
Village Pizzeria & Ristorante,https://villagepizzeria.com/,White Wines,"'21 Orvieto Classico Superiore, Salviano","(Umbria, Italy)",Bottle $35
Village Pizzeria & Ristorante,https://villagepizzeria.com/,White Wines,"'21 Falanghina, Donna Chiara","(Campania, Italy)",Bottle $38
Village Pizzeria & Ristorante,https://villagepizzeria.com/,White Wines,"'21 Tomasi, Lugana",(Veneto),Bottle $38
Village Pizzeria & Ristorante,https://villagepizzeria.com/,White Wines,"'18 Moscato, Seven Daughters",(Italy),Bottle $30
Village Pizzeria & Ristorante,https://villagepizzeria.com/,White Wines,"NV Planeta, Etna Bianco","(Sicily, Italy) Carricante",Bottle $42
Village Pizzeria & Ristorante,https://villagepizzeria.com/,White Wines,'20 Gianni Gagliardo Fallegro,"(Piedmont, Italy)",Bottle $45
Village Pizzeria & Ristorante,https://villagepizzeria.com/,Blush & Rose,"'21 Jean-Luc Colombo, Cape Bleue Rose",(French),Glass $9 | Bottle $35
Village Pizzeria & Ristorante,https://villagepizzeria.com/,Blush & Rose,'21 Il Poggione Brancato Rosato,(Tuscany),Bottle $45
Village Pizzeria & Ristorante,https://villagepizzeria.com/,Blush & Rose,'22 Whispering Angel,(Provence),Bottle $55
Village Pizzeria & Ristorante,https://villagepizzeria.com/,Blush & Rose,"'20 Rose, M. Chapoutier ""Belleruche""","(Rhone, France)",Bottle $30
Village Pizzeria & Ristorante,https://villagepizzeria.com/,Blush & Rose,'21 Masciarelli Cerasuolo Rose,(Italy),Bottle $40
Village Pizzeria & Ristorante,https://villagepizzeria.com/,Pinot Noir,'19 The Pinot Project,(California),Bottle $38
Village Pizzeria & Ristorante,https://villagepizzeria.com/,Pinot Noir,'19 Rainstorm,(Oregon),Bottle $45
Village Pizzeria & Ristorante,https://villagepizzeria.com/,Pinot Noir,'18 Kistler,"(Russian River, California)",Bottle $115
Village Pizzeria & Ristorante,https://villagepizzeria.com/,Pinot Noir,'18 Hangtime,"(Arroyo Secco, California)",Bottle $38
Village Pizzeria & Ristorante,https://villagepizzeria.com/,Pinot Noir,'16 Clark & Telephone Vineyard “Belle Glos”,"(Santa Barbara, California)",Bottle $95
Village Pizzeria & Ristorante,https://villagepizzeria.com/,Pinot Noir,'12 Maggy Hawk Stormin,"(Anderson Valley, California)",Bottle $90
Village Pizzeria & Ristorante,https://villagepizzeria.com/,Pinot Noir,'18 Windracer Russian River,,Bottle $110
Village Pizzeria & Ristorante,https://villagepizzeria.com/,Zinfandel,'16 Predator “Old Vine”,"(Lodi, California)",Bottle $35
Village Pizzeria & Ristorante,https://villagepizzeria.com/,Zinfandel,'16 The Prisoner Saldo,(California),Bottle $60
Village Pizzeria & Ristorante,https://villagepizzeria.com/,Zinfandel,'17 Orin Swift Eight Years in the Desert,(California),Bottle $75
Village Pizzeria & Ristorante,https://villagepizzeria.com/,Zinfandel,'18 St Francis Reserve Dry Creek Valley,(California),Bottle $65
Village Pizzeria & Ristorante,https://villagepizzeria.com/,Zinfandel,'19 Tilth,(Sonoma),Bottle $45
Village Pizzeria & Ristorante,https://villagepizzeria.com/,Merlot,'19 Josh,(California),Bottle $35
Village Pizzeria & Ristorante,https://villagepizzeria.com/,Merlot,'18 Bonterra Organically Grown Grapes,(Mendocino),Bottle $40
Village Pizzeria & Ristorante,https://villagepizzeria.com/,Merlot,'13 Thorn,"(Napa Valley, California)",Bottle $95
Village Pizzeria & Ristorante,https://villagepizzeria.com/,Blends,"'17 Machete, by Orin Swift",(California),Bottle $90
Village Pizzeria & Ristorante,https://villagepizzeria.com/,Blends,'17 Hess Trio Red Blend,"(California)
Petite Syrah / Syrah Blend",Bottle $45
Village Pizzeria & Ristorante,https://villagepizzeria.com/,Blends,'19 MVC Mouvodre/Shiraz,"(Victoria, Australia)",Bottle $35
Village Pizzeria & Ristorante,https://villagepizzeria.com/,Cabernet Blends,'15 Kendall-Jackson Summation,(California),Bottle $38
Village Pizzeria & Ristorante,https://villagepizzeria.com/,Cabernet Blends,'17 Franciscan Halo Magnificent,(Napa Valley),Bottle $96
Village Pizzeria & Ristorante,https://villagepizzeria.com/,Cabernet Blends,"'16 Roth ""Heritage""","(Sonoma, California)",Bottle $65
Village Pizzeria & Ristorante,https://villagepizzeria.com/,Cabernet Blends,'16 Daou Vineyards “The Pessimist”,"(St. Luis Obispo, California)",Bottle $55
Village Pizzeria & Ristorante,https://villagepizzeria.com/,Cabernet Blends,'06 Episode,"(Napa, California)",Bottle $225
Village Pizzeria & Ristorante,https://villagepizzeria.com/,Cabernet Blends,'17 Orin Swift Papillion,"(Napa, California)",Bottle $110
Village Pizzeria & Ristorante,https://villagepizzeria.com/,Cabernet Blends,'17 Harlan Estate “The Maiden”,,Bottle $695
Village Pizzeria & Ristorante,https://villagepizzeria.com/,Cabernet Blends,'00 Bond Estates “Matriarch”,"(Napa, California)",Bottle $350
Village Pizzeria & Ristorante,https://villagepizzeria.com/,Cabernet Blends,'03 Harlan Estates “The Maiden”,"(Napa, California)",Bottle $375
Village Pizzeria & Ristorante,https://villagepizzeria.com/,Cabernet Blends,'09 Harlan Estates “The Mascot”,"(Napa, California)",Bottle $185
Village Pizzeria & Ristorante,https://villagepizzeria.com/,Cabernet Blends,'15 Harlan Estate “The Maiden” Oakville,"(Napa, California)",Bottle $450
Village Pizzeria & Ristorante,https://villagepizzeria.com/,Cabernet Blends,'16 Harlan Estate “The Maiden” Oakville,,Bottle $675
Village Pizzeria & Ristorante,https://villagepizzeria.com/,Cabernet Sauvignon,'18 Louis Martini,(California),Bottle $40
Village Pizzeria & Ristorante,https://villagepizzeria.com/,Cabernet Sauvignon,'18 Sean Minor,(Sonoma Coast),Bottle $45
Village Pizzeria & Ristorante,https://villagepizzeria.com/,Cabernet Sauvignon,'18 Laely Oakville,"(Napa, California)",Bottle $55
Village Pizzeria & Ristorante,https://villagepizzeria.com/,Cabernet Sauvignon,'18 Joseph Carr,"(Napa, California)",Bottle $55
Village Pizzeria & Ristorante,https://villagepizzeria.com/,Cabernet Sauvignon,'18 Josh North Coast Reserve,(California),Bottle $42
Village Pizzeria & Ristorante,https://villagepizzeria.com/,Cabernet Sauvignon,'18 Hoopla,"(Napa, California)",Bottle $45
Village Pizzeria & Ristorante,https://villagepizzeria.com/,Cabernet Sauvignon,'18 Bonterra Organically Grown Grapes,(Mendocino),Bottle $38
Village Pizzeria & Ristorante,https://villagepizzeria.com/,Cabernet Sauvignon,'13 Caymus Vineyards Special Select,"( Napa, California)",Bottle $325
Village Pizzeria & Ristorante,https://villagepizzeria.com/,Cabernet Sauvignon,'18 Caymus Vineyards,"(Napa, California)",Bottle $1175
Village Pizzeria & Ristorante,https://villagepizzeria.com/,Cabernet Sauvignon,'19 Daou Vineyard Paso Robles,,Bottle $65
Village Pizzeria & Ristorante,https://villagepizzeria.com/,Cabernet Sauvignon,'18 Barnett Spring Mountain,(Napa),Bottle $125
Village Pizzeria & Ristorante,https://villagepizzeria.com/,Cabernet Sauvignon,'17 Honig,"(Napa, California)",Bottle $110
Village Pizzeria & Ristorante,https://villagepizzeria.com/,Cabernet Sauvignon,"'04 Louis Martini ""Lot 1""","(Napa, California)",Bottle $195
Village Pizzeria & Ristorante,https://villagepizzeria.com/,Cabernet Sauvignon,'16 Faust,"(Rutherford, California)",Bottle $90
Village Pizzeria & Ristorante,https://villagepizzeria.com/,Cabernet Sauvignon,'18 Justin,,Bottle $60
Village Pizzeria & Ristorante,https://villagepizzeria.com/,Cabernet Sauvignon,'15 Mt Brave Napa Valley,(California),Bottle $145
Village Pizzeria & Ristorante,https://villagepizzeria.com/,Cabernet Sauvignon,'13 Mt Brave Napa Valley,(California),Bottle (375ml) $75
Village Pizzeria & Ristorante,https://villagepizzeria.com/,Cabernet Sauvignon,'14 Favia La Magdelina,"(Napa, California)",Bottle $250
Village Pizzeria & Ristorante,https://villagepizzeria.com/,Cabernet Sauvignon,'18 Cakebread Cellars,"(Napa, California)",Bottle $150
Village Pizzeria & Ristorante,https://villagepizzeria.com/,Cabernet Sauvignon,'10 Hooppes,"(Napa, California)",Bottle $110
Village Pizzeria & Ristorante,https://villagepizzeria.com/,Cabernet Sauvignon,'16 Dariouch,"(Napa, California)",Bottle $295
Village Pizzeria & Ristorante,https://villagepizzeria.com/,Cabernet Sauvignon,'11 Nickel and Nickel CC Ranch,"(Napa, California)",Bottle $165
Village Pizzeria & Ristorante,https://villagepizzeria.com/,Cabernet Sauvignon,'14 Far Niente Vineyards,"(Oakville, California)",Bottle $325
Village Pizzeria & Ristorante,https://villagepizzeria.com/,Cabernet Sauvignon,'16 Bella Union by Far Niente,"(Napa, California)",Bottle $110
Village Pizzeria & Ristorante,https://villagepizzeria.com/,Cabernet Sauvignon,'16 Staglin Salus,"(Napa, California)",Bottle $195
Village Pizzeria & Ristorante,https://villagepizzeria.com/,Cabernet Sauvignon,'18 Cade Winery Napa Cuvee by Plumpjack,"(Napa, California)",Bottle $165
Village Pizzeria & Ristorante,https://villagepizzeria.com/,Cabernet Sauvignon,'17 O'Shaughnessy Winery,"(Howell Mountain, California)",Bottle $150
Village Pizzeria & Ristorante,https://villagepizzeria.com/,Cabernet Sauvignon,'12 O'Shaughnessy Winery,"(Mt. Veeder, California)",Bottle $195
Village Pizzeria & Ristorante,https://villagepizzeria.com/,Cabernet Sauvignon,'17 O'Shaughnessy Winery,"(Mt. Veeder, California)",Bottle $195
Village Pizzeria & Ristorante,https://villagepizzeria.com/,Cabernet Sauvignon,"'12 Davies Estate, Diamond Mountain","(Napa, California)",Bottle $195
Village Pizzeria & Ristorante,https://villagepizzeria.com/,Cabernet Sauvignon,'07 Axios,"(Napa, California)",Bottle $195
Village Pizzeria & Ristorante,https://villagepizzeria.com/,Cabernet Sauvignon,'16 Odette,"(Napa, California)",Bottle $255
Village Pizzeria & Ristorante,https://villagepizzeria.com/,Cabernet Sauvignon,'15 Kapcsandy Family Cuvee,"(Napa, California)",Bottle $225
Village Pizzeria & Ristorante,https://villagepizzeria.com/,Cabernet Sauvignon,'17 Galarie Knights Valley,"(Sonoma, California)",Bottle $90
Village Pizzeria & Ristorante,https://villagepizzeria.com/,Cabernet Sauvignon,'18 Adaptation By Odette,"(Napa, California)",Bottle $115
Village Pizzeria & Ristorante,https://villagepizzeria.com/,Cabernet Sauvignon,'17 Larkin Cabernet Franc,"(Napa, California)",Bottle $110
Village Pizzeria & Ristorante,https://villagepizzeria.com/,Cabernet Sauvignon,'17 Crooked Path Cabernet,(Paso Robles),Bottle $55
Village Pizzeria & Ristorante,https://villagepizzeria.com/,Cabernet Sauvignon,'12 Seaver Family Vineyards GTS,,Bottle $350
Village Pizzeria & Ristorante,https://villagepizzeria.com/,Cabernet Sauvignon,'13 Seaver Family Vineyards GTS,,Bottle $450
Village Pizzeria & Ristorante,https://villagepizzeria.com/,Cabernet Sauvignon,'15 Seaver Family Vineyards GTS,,Bottle $425
Village Pizzeria & Ristorante,https://villagepizzeria.com/,Cabernet Sauvignon,'11 Seaver Family Vineyards NLS,,Bottle $395
Village Pizzeria & Ristorante,https://villagepizzeria.com/,Cabernet Sauvignon,"'18 Daou, Soul of a Lion",,Bottle $260
Village Pizzeria & Ristorante,https://villagepizzeria.com/,Cabernet Sauvignon,'08 The Prisioner,,Bottle $110
Village Pizzeria & Ristorante,https://villagepizzeria.com/,Cabernet Sauvignon,'09 The Prisioner,,Bottle $115
Village Pizzeria & Ristorante,https://villagepizzeria.com/,Cabernet Sauvignon,'15 The Prisioner,,Bottle $110
Village Pizzeria & Ristorante,https://villagepizzeria.com/,Cabernet Sauvignon,'18 The Prisioner,,Bottle $97
Village Pizzeria & Ristorante,https://villagepizzeria.com/,Cabernet Sauvignon,'19 Far Mountain - Fission Cabernet,,Bottle $110
Village Pizzeria & Ristorante,https://villagepizzeria.com/,Cabernet Sauvignon,'19 Volunteer,(Napa),Bottle $60
Village Pizzeria & Ristorante,https://villagepizzeria.com/,Cabernet Sauvignon,'18 Austin Hope Reserve,,Bottle $220
Village Pizzeria & Ristorante,https://villagepizzeria.com/,Cabernet Sauvignon,'18 La Jota Vineyard,(Howell Mountain Estate),Bottle $295
Village Pizzeria & Ristorante,https://villagepizzeria.com/,Cabernet Sauvignon,'17 La Jota Vineyard Cabernet Franc,,Bottle $225
Village Pizzeria & Ristorante,https://villagepizzeria.com/,Cabernet Sauvignon,'18 Dominus,,Bottle $325
Village Pizzeria & Ristorante,https://villagepizzeria.com/,Cabernet Sauvignon,'17 Silver Oak Cabernet,(Napa),Bottle $450
Village Pizzeria & Ristorante,https://villagepizzeria.com/,Cabernet Sauvignon,The Cuttings California,,Bottle $90
Village Pizzeria & Ristorante,https://villagepizzeria.com/,PlumpJack Estate,'06 Plumpjack Estate Reserve,"(Oakville, California)",Bottle $495
Village Pizzeria & Ristorante,https://villagepizzeria.com/,PlumpJack Estate,'15 Plumpjack Estate,"(Oakville, California)",Bottle $265
Village Pizzeria & Ristorante,https://villagepizzeria.com/,PlumpJack Estate,'16 Plumpjack Estate,"(Oakville, California)",Bottle $275
Village Pizzeria & Ristorante,https://villagepizzeria.com/,PlumpJack Estate,'18 Plumpjack Estate,"(Oakville, California)",Bottle $285
Village Pizzeria & Ristorante,https://villagepizzeria.com/,PlumpJack Estate,'11 Plumpjack Estate,"(Oakville, California)",Bottle $300
Village Pizzeria & Ristorante,https://villagepizzeria.com/,French Reds,"'09 Cotes Du Rhone Jean Luc Columbo ""Les Abelles""",(Rhone),Bottle $55
Village Pizzeria & Ristorante,https://villagepizzeria.com/,French Reds,"'19 Beaujolais-Villages, Louis Jadot",(Burgundy),Bottle $30
Village Pizzeria & Ristorante,https://villagepizzeria.com/,French Reds,'15 Bordeuax Chateau Malmaison de Rothchild,(Medoc),Bottle $80
Village Pizzeria & Ristorante,https://villagepizzeria.com/,French Reds,"'10 Chateau Tour de Termes St Estephe, cru.",(Bordeaux),Bottle $95
Village Pizzeria & Ristorante,https://villagepizzeria.com/,French Reds,"""15 Chateauneuf du Pape, Chateau Beaucastle",(Top 100) (Rhone Valley),Bottle $125
Village Pizzeria & Ristorante,https://villagepizzeria.com/,French Reds,"'13 Chateauneuf Du Pape, Domaine
Le Boutinere",(Rhone Valley),Bottle $65
Village Pizzeria & Ristorante,https://villagepizzeria.com/,French Reds,"'09 Bordeaux, Chateau La Tour De Bessan",(Margaux),Bottle $85
Village Pizzeria & Ristorante,https://villagepizzeria.com/,French Reds,"'07 Pommard, Louis Jadot",(Burgundy),Bottle $140
Village Pizzeria & Ristorante,https://villagepizzeria.com/,French Reds,'10 Lassegie St Emilion Grand Cru,(Bordeaux),Bottle $155
Village Pizzeria & Ristorante,https://villagepizzeria.com/,French Reds,'15 Jean-Luc Columbo Cornas Les Ruclets,,Bottle $125
Village Pizzeria & Ristorante,https://villagepizzeria.com/,French Reds,'15 Jean -Iuc Columbo Terres Bruleees,,Bottle $95
Village Pizzeria & Ristorante,https://villagepizzeria.com/,French Reds,'15 Chateau Gloria,(Bordeaux),Bottle $85
Village Pizzeria & Ristorante,https://villagepizzeria.com/,Spanish Reds,'15 Pino Doncel DOP Jumilla,(Spain),Bottle $55
Village Pizzeria & Ristorante,https://villagepizzeria.com/,Spanish Reds,'11 Cvne Vina Real Gran Reserva,(Spain),Bottle (750ml) $75
Village Pizzeria & Ristorante,https://villagepizzeria.com/,Spanish Reds,"'17 Garnacha Blend, Laya",(Spain),Bottle $30
Village Pizzeria & Ristorante,https://villagepizzeria.com/,Spanish Reds,'10 Bodegas El Nido,"(Jumilla, Spain)",Bottle $195
Village Pizzeria & Ristorante,https://villagepizzeria.com/,Spanish Reds,"'13 Mourvedre Blend, Bodega El Nido ""Clio""","(Jumilla, Spain)",Bottle $85
Village Pizzeria & Ristorante,https://villagepizzeria.com/,Spanish Reds,'14 Miros de Rivera Crianza,,Bottle $55
Village Pizzeria & Ristorante,https://villagepizzeria.com/,South American Reds,'18 Crios Malbec,"(Mendoza, Argentina)",Bottle $35
Village Pizzeria & Ristorante,https://villagepizzeria.com/,South American Reds,'18 Humberto Canali Estate Malbec,"(Mendoza, Argentina)",Bottle $35
Village Pizzeria & Ristorante,https://villagepizzeria.com/,South American Reds,"'16 Malbec, Bodega Antigal Uno","(Mendoza, Argentina)",Bottle $38
Village Pizzeria & Ristorante,https://villagepizzeria.com/,Piedmonte,"'16 Barbera D'Asti, Michele Chiarlo ""Le Orme""",,Bottle $38
Village Pizzeria & Ristorante,https://villagepizzeria.com/,Piedmonte,"'13 Barbera D'Asti, Michele Chiarlo ""La Court""",,Bottle $85
Village Pizzeria & Ristorante,https://villagepizzeria.com/,Piedmonte,"'17 Barbaresco, Franco Amaroso",,Bottle $45
Village Pizzeria & Ristorante,https://villagepizzeria.com/,Piedmonte,"'13 Barolo, Angelo Gaja ""Sperss""",(Barolo),Bottle $420
Village Pizzeria & Ristorante,https://villagepizzeria.com/,Piedmonte,"'09 Barolo, Michele Chiarlo ""Cannubi""",,Bottle $175
Village Pizzeria & Ristorante,https://villagepizzeria.com/,Piedmonte,"'15 Barolo, Arnaldo Rivera ""Undicicomuni""","Top 100 Wine, 2018",Bottle $65
Village Pizzeria & Ristorante,https://villagepizzeria.com/,Piedmonte,"'10 Cavallotto ""Bricco Boschis"" Barolo",,Bottle $120
Village Pizzeria & Ristorante,https://villagepizzeria.com/,Piedmonte,"'15 Barolo, Franco Amaroso",,Bottle $65
Village Pizzeria & Ristorante,https://villagepizzeria.com/,Piedmonte,'13 Rivetto Langhe Nebbiolo,,Bottle $38
Village Pizzeria & Ristorante,https://villagepizzeria.com/,Piedmonte,"'05 Angelo Gaja ""Sperss""",,Bottle $595
Village Pizzeria & Ristorante,https://villagepizzeria.com/,Piedmonte,"'15 Barolo Arnaldo Rivera ""Ravera""",,Bottle $95
Village Pizzeria & Ristorante,https://villagepizzeria.com/,Piedmonte,"'19 Gia Lange (Liter Bottle), - Barbera, Dolcetto, Nebbiolo",,Bottle $45
Village Pizzeria & Ristorante,https://villagepizzeria.com/,Piedmonte,'14 La Braja Barbera d' Asti,,Bottle $70
Village Pizzeria & Ristorante,https://villagepizzeria.com/,Piedmonte,'10 Barbera d'Asti Adores Superiore,,Bottle $95
Village Pizzeria & Ristorante,https://villagepizzeria.com/,Piedmonte,'17 Gianni Gagliardo Madama Barbera d'Alba,,Bottle $45
Village Pizzeria & Ristorante,https://villagepizzeria.com/,Piedmonte,"'15 Barolo, Ceretto The Truffle Hunter.",,Bottle $90
Village Pizzeria & Ristorante,https://villagepizzeria.com/,Veneto,"'07 Amarone, Bertani",,Bottle $145
Village Pizzeria & Ristorante,https://villagepizzeria.com/,Veneto,"'05 Amarone, Bertani",,Bottle $210
Village Pizzeria & Ristorante,https://villagepizzeria.com/,Veneto,"'08 Amarone, Le XI Terre",,Bottle $95
Village Pizzeria & Ristorante,https://villagepizzeria.com/,Veneto,"'09 Amarone, Tommasi",,Bottle $130
Village Pizzeria & Ristorante,https://villagepizzeria.com/,Veneto,"'07 Amarone, Vaio, Masi",,Bottle $125
Village Pizzeria & Ristorante,https://villagepizzeria.com/,Veneto,"'17 Amarone, Luciano Arduini",,Bottle $75
Village Pizzeria & Ristorante,https://villagepizzeria.com/,Veneto,"'15 Amarone, Terre Molin",,Bottle $65
Village Pizzeria & Ristorante,https://villagepizzeria.com/,Veneto,"'17 Amarone, Masi ""Costasera"" Riserva",,Bottle $175
Village Pizzeria & Ristorante,https://villagepizzeria.com/,Veneto,"'07 Amarone Mazzano, Masi",,Bottle $320
Village Pizzeria & Ristorante,https://villagepizzeria.com/,Veneto,"'15 Amarone, Allegrini",,Bottle $125
Village Pizzeria & Ristorante,https://villagepizzeria.com/,Veneto,"'15 Amarone, San Guiseppe",,Bottle $75
Village Pizzeria & Ristorante,https://villagepizzeria.com/,Veneto,"'15 Valpolicella, Bertani",,Bottle $35
Village Pizzeria & Ristorante,https://villagepizzeria.com/,Veneto,"'18 Ripasso, Allegrini Palazio della Toro",,Bottle $55
Village Pizzeria & Ristorante,https://villagepizzeria.com/,Veneto,"'15 Ripasso, Masi Campofiorin",,Bottle $45
Village Pizzeria & Ristorante,https://villagepizzeria.com/,Traditional,"'17 Rosso di Montalcino, Lazzeretti",,Bottle $55
Village Pizzeria & Ristorante,https://villagepizzeria.com/,Traditional,"'18 Rosso di Montalcino, Il Poggione",,Bottle $55
Village Pizzeria & Ristorante,https://villagepizzeria.com/,Traditional,"'15 Rosso di Montalcino, Mocali",,Bottle $45
Village Pizzeria & Ristorante,https://villagepizzeria.com/,Traditional,"'15 Brunello di Montalcino, Voliero",,Bottle $115
Village Pizzeria & Ristorante,https://villagepizzeria.com/,Traditional,"'10 Brunello di Montalcino, Il Poggione",,Bottle $135
Village Pizzeria & Ristorante,https://villagepizzeria.com/,Traditional,"'15 Brunello di Montalcino, Il Poggione",,Bottle $155
Village Pizzeria & Ristorante,https://villagepizzeria.com/,Traditional,"'15 Brunello di Montalcino, Lazzeretti",,Bottle $95
Village Pizzeria & Ristorante,https://villagepizzeria.com/,Traditional,"'12 Brunello di Montalcino, La Serena (Top 100 )",,Bottle $95
Village Pizzeria & Ristorante,https://villagepizzeria.com/,Traditional,"'11 Brunello di Montalcino, Casanova Di Neri",,Bottle $175
Village Pizzeria & Ristorante,https://villagepizzeria.com/,Traditional,"'04 Brunello di Montalcino, Banfi ""Poggio all' Oro""",,Bottle $225
Village Pizzeria & Ristorante,https://villagepizzeria.com/,Traditional,"'15 Brunello di Montalcino, La Lecciaia",,Bottle $75
Village Pizzeria & Ristorante,https://villagepizzeria.com/,Traditional,"'15 Brunello di Montalcino, Castello Banfi",,Bottle $115
Village Pizzeria & Ristorante,https://villagepizzeria.com/,Traditional,"'04 Brunello di Montalcino, Podere Brizio ""Riserva""",,Bottle $175
Village Pizzeria & Ristorante,https://villagepizzeria.com/,Traditional,"'15 Brunello di Montalcino, IL Veltro",,Bottle $75
Village Pizzeria & Ristorante,https://villagepizzeria.com/,Traditional,"'06 Brunello di Montalcino, Marchesi Frescobaldi ""Castelgiocondo""",,Bottle $95
Village Pizzeria & Ristorante,https://villagepizzeria.com/,Traditional,"'15 Brunello di Montalcino, Mocali",,Bottle $85
Village Pizzeria & Ristorante,https://villagepizzeria.com/,Traditional,"'06 Brunello di Montalcino, Mocali ""Riserva""",,Bottle $165
Village Pizzeria & Ristorante,https://villagepizzeria.com/,Traditional,"'15 Brunello di Montalcino, Ciacci Piccolomini",,Bottle $155
Village Pizzeria & Ristorante,https://villagepizzeria.com/,Traditional,'12 Brunello di Montalcino La Colombina,,Bottle $98
Village Pizzeria & Ristorante,https://villagepizzeria.com/,Traditional,"'12 Brunello di Montalcino, Poggio Antico",,Bottle $135
Village Pizzeria & Ristorante,https://villagepizzeria.com/,Traditional,"'13 Brunello di Montalcino, Poggio Antico, Altero",,Bottle $145
Village Pizzeria & Ristorante,https://villagepizzeria.com/,Traditional,"'15 Brunello di Montalcino, Piccolomini ""Pianrosso""",,Bottle $120
Village Pizzeria & Ristorante,https://villagepizzeria.com/,Traditional,"'10 Brunello di Montalcino, Val di Suga Vigna del Lago",,Bottle $120
Village Pizzeria & Ristorante,https://villagepizzeria.com/,Traditional,"'18 Sangiovese, Tenuta Sassoregale ""Maremma""",,Bottle $45
Village Pizzeria & Ristorante,https://villagepizzeria.com/,Traditional,"'16 Chianti Classico Riserva, Villa Nozzole",,Bottle $55
Village Pizzeria & Ristorante,https://villagepizzeria.com/,Traditional,"'16 Chianti Classico Riserva, Cavaliere D'oro",,Bottle $50
Village Pizzeria & Ristorante,https://villagepizzeria.com/,Traditional,"'17 Chianti Classico Riserva, Banfi",,Bottle $50
Village Pizzeria & Ristorante,https://villagepizzeria.com/,Traditional,"'17 Chianti Classico Riserva, Tomaiolo",,Bottle $45
Village Pizzeria & Ristorante,https://villagepizzeria.com/,Traditional,'10 Chianti Classico Gran Selection Famiglia Losi,,Bottle $68
Village Pizzeria & Ristorante,https://villagepizzeria.com/,Super Tuscans,'15 Luce della Lucente “Super Tuscan”,,Bottle $60
Village Pizzeria & Ristorante,https://villagepizzeria.com/,Super Tuscans,'15 Tommasi Poggio Al Tufo,,Bottle $45
Village Pizzeria & Ristorante,https://villagepizzeria.com/,Super Tuscans,'12 Castello Banfi “Belnero”,,Bottle $65
Village Pizzeria & Ristorante,https://villagepizzeria.com/,Super Tuscans,'17 Ruffino “Modus”,,Bottle $55
Village Pizzeria & Ristorante,https://villagepizzeria.com/,Super Tuscans,'19 Orma Rosa Di Orma “Super Tuscan”,,Bottle $45
Village Pizzeria & Ristorante,https://villagepizzeria.com/,Super Tuscans,"'18 Aska Super Tuscan, Bolgheri",,Bottle $60
Village Pizzeria & Ristorante,https://villagepizzeria.com/,Super Tuscans,'16 Antinori “Il Bruciato”,,Bottle $55
Village Pizzeria & Ristorante,https://villagepizzeria.com/,Super Tuscans,'15 Tenuta Sette Ponti “Crognolo”,,Bottle $75
Village Pizzeria & Ristorante,https://villagepizzeria.com/,Super Tuscans,'11 Castello di Bolgheri Superiore “Tre Bicchieri”,,Bottle $125
Village Pizzeria & Ristorante,https://villagepizzeria.com/,Super Tuscans,'17 Castello di Bolgheri Varvara Maremma,,Bottle $65
Village Pizzeria & Ristorante,https://villagepizzeria.com/,Super Tuscans,'10 Arcanium Valadorna IGT,,Bottle $125
Village Pizzeria & Ristorante,https://villagepizzeria.com/,Super Tuscans,'15 Arcanium IGT (Cabernet Franc),,Bottle $155
Village Pizzeria & Ristorante,https://villagepizzeria.com/,Super Tuscans,"'15 Dell'Ornellaia, Le Serre Nuove",,Bottle $130
Village Pizzeria & Ristorante,https://villagepizzeria.com/,Super Tuscans,"'15 Dell'Ornellaia, Tenuta “Le Volte”",,Bottle $60
Village Pizzeria & Ristorante,https://villagepizzeria.com/,Super Tuscans,"'15 Dell'Ornellaia, Tenuta",,Bottle $325
Village Pizzeria & Ristorante,https://villagepizzeria.com/,Super Tuscans,'13 Antinori “Tignanello”,,Bottle $220
Village Pizzeria & Ristorante,https://villagepizzeria.com/,Super Tuscans,'14 Tenuta San Guido “Guidalberto”,,Bottle $110
Village Pizzeria & Ristorante,https://villagepizzeria.com/,Super Tuscans,'15 Biserno Il Pino,,Bottle $110
Village Pizzeria & Ristorante,https://villagepizzeria.com/,Super Tuscans,'10 Biserno di Biserno,,Bottle $325
Village Pizzeria & Ristorante,https://villagepizzeria.com/,Super Tuscans,'18 Tenuta di Biserno Insoglio,,Bottle $65
Village Pizzeria & Ristorante,https://villagepizzeria.com/,Other Italian Regions,"'15 Montelpuciano, Valori",,Bottle $35
Village Pizzeria & Ristorante,https://villagepizzeria.com/,Other Italian Regions,"'16 Nero D'Avola, Cusumano (Sicily)",,Bottle $30
Village Pizzeria & Ristorante,https://villagepizzeria.com/,Other Italian Regions,'13 Rudiae Primativo Solento,,Bottle $30
Village Pizzeria & Ristorante,https://villagepizzeria.com/,Wine List,1982 Tenuta San Guido Sassacaia,,Bottle (750ml) $1000
Village Pizzeria & Ristorante,https://villagepizzeria.com/,Wine List,1997 Tenuta San Guido Sassacaia,,Bottle (750ml) $750
Village Pizzeria & Ristorante,https://villagepizzeria.com/,Wine List,2003 Tenuta San Guido Sassacaia,,Bottle (750ml) $520
Village Pizzeria & Ristorante,https://villagepizzeria.com/,Wine List,2007 Tenuta San Guido Sassacaia,,Bottle (750ml) $480
Village Pizzeria & Ristorante,https://villagepizzeria.com/,Wine List,2012 Tenuta San Guido Sassacaia,,Bottle (750ml) $500
Village Pizzeria & Ristorante,https://villagepizzeria.com/,Wine List,2015 Tenuta San Guido Sassacaia,,Bottle (750ml) $500
Village Pizzeria & Ristorante,https://villagepizzeria.com/,Wine List,2016 Tenuta San Guido Sassacaia,,Bottle (750ml) $585
Village Pizzeria & Ristorante,https://villagepizzeria.com/,Wine List,2017 Tenuta San Guido Sassacaia,,Bottle (750ml) $485
Village Pizzeria & Ristorante,https://villagepizzeria.com/,Wine List,2018 Tenuta San Guido Sassacaia,,Bottle (750ml) $495
Village Pizzeria & Ristorante,https://villagepizzeria.com/,Wine List,2008 Tenuta San Guido Sassacaia,,Bottle (1.5L) $850
Village Pizzeria & Ristorante,https://villagepizzeria.com/,Wine List,2010 Tenuta San Guido Sassacaia,,Bottle (1.5L) $950
Village Pizzeria & Ristorante,https://villagepizzeria.com/,Wine List,2014 Tenuta San Guido Sassacaia,,Bottle (1.5L) $850
Village Pizzeria & Ristorante,https://villagepizzeria.com/,Wine List,2016 Tenuta San Guido Sassacaia,,Bottle (1.5L) $1200
Village Pizzeria & Ristorante,https://villagepizzeria.com/,California,"1998 Joseph Phelps Vineyards ""Insignia"" (Napa)",,$425
Village Pizzeria & Ristorante,https://villagepizzeria.com/,California,"2001 Joseph Phelps Vineyards ""Insignia"" (Napa)",,$395
Village Pizzeria & Ristorante,https://villagepizzeria.com/,California,1998 Far Niente Vineyards Cabernet Sauvignon (Oakville),,$325
Village Pizzeria & Ristorante,https://villagepizzeria.com/,California,2000 Far Niente Vineyards Cabernet Sauvignon (Napa),,$225
Village Pizzeria & Ristorante,https://villagepizzeria.com/,California,2013 Far Niente Vineyards Cabernet Sauvignon (Oakville),,$275
Village Pizzeria & Ristorante,https://villagepizzeria.com/,California,2014 Far Niente Vineyards Cabernet Sauvignon (Oakville),,$265
Village Pizzeria & Ristorante,https://villagepizzeria.com/,California,1998 Marilyn Merlot (Napa),,$295
Village Pizzeria & Ristorante,https://villagepizzeria.com/,California,2000 Marilyn Merlot (Napa),,$395
Village Pizzeria & Ristorante,https://villagepizzeria.com/,California,2001 Marilyn Merlot (Napa),,$245
Village Pizzeria & Ristorante,https://villagepizzeria.com/,California,2005 Marilyn Merlot (Napa),,$95
Village Pizzeria & Ristorante,https://villagepizzeria.com/,California,2006 Marilyn Merlot (Napa),,$110
Village Pizzeria & Ristorante,https://villagepizzeria.com/,California,2008 Marilyn Merlot (Napa),,$120
Village Pizzeria & Ristorante,https://villagepizzeria.com/,California,1996 Marilyn Cabernet Sauvignon (Napa),,$240
Village Pizzeria & Ristorante,https://villagepizzeria.com/,California,1997 Marilyn Cabernet Sauvignon (Napa),,$220
Village Pizzeria & Ristorante,https://villagepizzeria.com/,California,1998 Marilyn Cabernet Sauvignon (Napa),,$185
Village Pizzeria & Ristorante,https://villagepizzeria.com/,California,1999 Marilyn Cabernet Sauvignon (Napa),,$175
Village Pizzeria & Ristorante,https://villagepizzeria.com/,California,2009 Marilyn Cabernet Sauvignon (Napa),,$155
Village Pizzeria & Ristorante,https://villagepizzeria.com/,California,"2011 Seaver Family Vineyards, GTS ""Nancy Fancy""",,$395
Village Pizzeria & Ristorante,https://villagepizzeria.com/,California,"2010 Seaver Family Vineyard, GTS (Diamond Mountain District)",,$450
Village Pizzeria & Ristorante,https://villagepizzeria.com/,California,"2012 Seaver Family Vineyard, GTS (Diamond Mountain District)",,$495
Village Pizzeria & Ristorante,https://villagepizzeria.com/,California,"2013 Seaver Family Vineyard, GTS (Diamond Mountain District)",,$450
Village Pizzeria & Ristorante,https://villagepizzeria.com/,California,"2015 Seaver Family Vineyard, GTS (Diamond Mountain District)",,$425
Village Pizzeria & Ristorante,https://villagepizzeria.com/,California,"2002 Nickel & Nickel ""Rock Cairn Vineyard"" Cabernet Sauvignon (Napa)",,$185
Village Pizzeria & Ristorante,https://villagepizzeria.com/,California,"2007 Nickel & Nickel ""C.C. Ranch"" Cabernet Sauvignon (Rutherford)",,$195
Village Pizzeria & Ristorante,https://villagepizzeria.com/,California,"2000 Harlan Estate Winery, ""The Matriarch"" (Oakville)",,$425
Village Pizzeria & Ristorante,https://villagepizzeria.com/,California,"1999 Justin Vineyards & Winery ""Isosceles"" (Paso Robles)",,$225
Village Pizzeria & Ristorante,https://villagepizzeria.com/,California,"2003 Justin Vineyards & Winery ""Isosceles"" (Paso Robles)",,$165
Village Pizzeria & Ristorante,https://villagepizzeria.com/,California,"2007 Justin Vineyards & Winery ""Isosceles"" (Paso Robles)",,$185
Village Pizzeria & Ristorante,https://villagepizzeria.com/,California,2009 Hundred Acre (Rutherford),,$650
Village Pizzeria & Ristorante,https://villagepizzeria.com/,California,2007 Scarecrow,,$1100
Village Pizzeria & Ristorante,https://villagepizzeria.com/,California,2019 Scarecrow,,$950
Village Pizzeria & Ristorante,https://villagepizzeria.com/,California,2008 M. E Tain Cabernet Sauvignon (Rutherford),,$395
Village Pizzeria & Ristorante,https://villagepizzeria.com/,California,2009 M. E Tain Cabernet Sauvignon (Rutherford),,$450
Village Pizzeria & Ristorante,https://villagepizzeria.com/,California,2017 Silver Oak (Napa) 1.5L Magnum,,$450
Village Pizzeria & Ristorante,https://villagepizzeria.com/,Italy,"2005 Angelo Gaja ""Sperss"" (Piedmont)",,$420
Village Pizzeria & Ristorante,https://villagepizzeria.com/,Italy,"2003 Angelo Gaja ""Darmagi"" Cabernet Sauvignon (Piedmont)",,$350
Village Pizzeria & Ristorante,https://villagepizzeria.com/,Italy,"2004 Angelo Gaja ""Darmagi” Cabernet Sauvignon (Piedmont)",,$325
Village Pizzeria & Ristorante,https://villagepizzeria.com/,Italy,1995 Brunello di Montalcino Castello Banfi (Tuscany),,$225
Village Pizzeria & Ristorante,https://villagepizzeria.com/,Italy,1998 Brunello di Montalcino Castello Banfi (Tuscany),,$185
Village Pizzeria & Ristorante,https://villagepizzeria.com/,Italy,2000 Brunello di Montalcino Castello Banfi (Tuscany),,$195
Village Pizzeria & Ristorante,https://villagepizzeria.com/,Italy,1999 Brunello di Montalcino Poggio All Oro Riserva,,$225
Village Pizzeria & Ristorante,https://villagepizzeria.com/,Italy,1998 Brunello di Montalcino Castello Banfi Summus,,$120
Village Pizzeria & Ristorante,https://villagepizzeria.com/,Italy,1998 Brunello di Montalcino ILL Poggione,,$195
Village Pizzeria & Ristorante,https://villagepizzeria.com/,Italy,"2012 Brunello di Montalcino Poggio Antico ""Altero""",,$185
Village Pizzeria & Ristorante,https://villagepizzeria.com/,Italy,"2013 Brunello di Montalcino Poggio Antico ""Riserva""",,$225
Village Pizzeria & Ristorante,https://villagepizzeria.com/,Italy,"2015 Brunello di Montalcino Poggio Antico ""Altero""",,$295
Village Pizzeria & Ristorante,https://villagepizzeria.com/,Italy,"2004 Antinori ""Tignanello"" (Tuscany)",,$225
Village Pizzeria & Ristorante,https://villagepizzeria.com/,Italy,"2006 Antinori ""Tignanello"" (Tuscany)",,$235
Village Pizzeria & Ristorante,https://villagepizzeria.com/,Italy,2006 Greppicaia (Bolgheri),,$135
Village Pizzeria & Ristorante,https://villagepizzeria.com/,Italy,"2009 Setti Ponti ""Oreno"" (Tuscany)",,$185
Village Pizzeria & Ristorante,https://villagepizzeria.com/,France,1993 Chateau La Tour de Bessan Margaux (Bordeaux),,$175
Village Pizzeria & Ristorante,https://villagepizzeria.com/,France,1996 Chateau Beau Soliel (Bordeaux),,$95
Village Pizzeria & Ristorante,https://villagepizzeria.com/,France,2001 Chateau Hosanna (Bordeaux),,$175
Village Pizzeria & Ristorante,https://villagepizzeria.com/,France,2002 Chateau La Confession (Bordeaux),,$90
Village Pizzeria & Ristorante,https://villagepizzeria.com/,France,2004 Chateau Angelique de Monbousquet (Bordeaux),,$60
Village Pizzeria & Ristorante,https://villagepizzeria.com/,France,2003 Domaine Bouchard Pere & Fils Monthelie,"""Les Duresses"" Premier Cru (Burgundy)",$95
Village Pizzeria & Ristorante,https://villagepizzeria.com/,France,2009 Chateau de Macard Bordeaux Superiore,,$55
Village Pizzeria & Ristorante,https://villagepizzeria.com/,French Vintage Champagne,1998 Louis Ruederer Cristal Brut (Reims),,$1200
Village Pizzeria & Ristorante,https://villagepizzeria.com/,French Vintage Champagne,1992 Dom Perignon (Epernay),,$524
Village Pizzeria & Ristorante,https://villagepizzeria.com/,French Vintage Champagne,1999 Dom Perignon (Epernay),,$348
Village Pizzeria & Ristorante,https://villagepizzeria.com/,French Vintage Champagne,1995 Veuve Clicquot Pondardin Reserve,,$210
Village Pizzeria & Ristorante,https://villagepizzeria.com/,French Vintage Champagne,1998 Veuve Clicquot Pondardin La Grande Dame,,$495
Village Pizzeria & Ristorante,https://villagepizzeria.com/,Old World,2004 Brovia Ca Mia Barolo,(Piedmont),Bottle (1.5L) $395
Village Pizzeria & Ristorante,https://villagepizzeria.com/,Old World,2010 Malenchini Bruzzico,,Bottle (3L) $225
Village Pizzeria & Ristorante,https://villagepizzeria.com/,Old World,"2016 Brunello, Banfi",,Bottle (1.5L) $295
Village Pizzeria & Ristorante,https://villagepizzeria.com/,Old World,"1999 Brunello di Montalcino, Castello Banfi","(Tuscany, Italy)",Bottle (1.5L) $350
Village Pizzeria & Ristorante,https://villagepizzeria.com/,Old World,"2007 Brunello di Montalcino, Pertimali di Livio Sassetti ""Reserva""",,Bottle (3L) $650
Village Pizzeria & Ristorante,https://villagepizzeria.com/,Old World,"2010 Brunello, Mocali","(Tuscany, Italy)",Bottle (1.5L) $210
Village Pizzeria & Ristorante,https://villagepizzeria.com/,Old World,2008 Brunello di Montalcino Ciacci Piccolomini Pianrosso,,Bottle (1.5L) $350
Village Pizzeria & Ristorante,https://villagepizzeria.com/,Old World,2008 Gianni Brunelli Brunello,"(Tuscany, Italy)",Bottle (3L) $395
Village Pizzeria & Ristorante,https://villagepizzeria.com/,Old World,"2001 Tenuta del Terriccio ""Lupicaia""","(Tuscany, Italy)",Bottle (3L) $750
Village Pizzeria & Ristorante,https://villagepizzeria.com/,Old World,2017 Ciacci Piccolomini,,Bottle (1.5L) $335
Village Pizzeria & Ristorante,https://villagepizzeria.com/,Old World,2010 Cune Rioja Reserva,(Spain),Bottle (3L) $225
Village Pizzeria & Ristorante,https://villagepizzeria.com/,Old World,2013 Ornellaia,,Bottle (1.5L) $475
Village Pizzeria & Ristorante,https://villagepizzeria.com/,Old World,2008 Cesari Amarone,,Bottle (3L) $600
Village Pizzeria & Ristorante,https://villagepizzeria.com/,Old World,"2013 Dell'Ornellaia, Le Serra Nuove","(Tuscany, Italy)",Bottle (3L) $695
Village Pizzeria & Ristorante,https://villagepizzeria.com/,Old World,2008 La Carcone Medoc,"(Tuscany, Italy)",Bottle (5L) $495
Village Pizzeria & Ristorante,https://villagepizzeria.com/,New World,"1981 Charles Krug ""Generations""","(Napa, California)",Bottle (1.5L) $690
Village Pizzeria & Ristorante,https://villagepizzeria.com/,New World,"2003 Charles Krug ""Generations""","(Napa, California)",Bottle (1.5L) $375
Village Pizzeria & Ristorante,https://villagepizzeria.com/,New World,"1990 Joseph Phelps Vineyards ""Insignia""","(Napa, California)",Bottle (1.5L) $750
Village Pizzeria & Ristorante,https://villagepizzeria.com/,New World,"2002 Joseph Phelps Vineyards ""Insignia""","(Napa, California)",Bottle (1.5L) $750
Village Pizzeria & Ristorante,https://villagepizzeria.com/,New World,"2004 Marilyn ""Velvet Collection"" Merlot","(Napa, California)",Bottle (1.5L) $250
Village Pizzeria & Ristorante,https://villagepizzeria.com/,New World,2012 Faust Cabernet Sauvignon,"(Rutherford, California)",Bottle (1.5L) $220
Village Pizzeria & Ristorante,https://villagepizzeria.com/,New World,2016 Faust Cabernet Sauvignon,"(Rutherford, California)",Bottle (1.5L) $250
Village Pizzeria & Ristorante,https://villagepizzeria.com/,New World,2005 SinZin Zindandel,"(Alexander Valley, California)",Bottle (1.5L) $175
Village Pizzeria & Ristorante,https://villagepizzeria.com/,New World,2010 Hoopes Cabernet Sauvignon,"(Napa, California)",Bottle (1.5L) $220
Village Pizzeria & Ristorante,https://villagepizzeria.com/,New World,2015 Groth Cabernet Sauvignon Oakville,"(Napa, California)",Bottle (1.5L) $255
Village Pizzeria & Ristorante,https://villagepizzeria.com/,New World,2016 Mt.Brave Cabernet Sauvignon,,Bottle (1.5L) $280
Village Pizzeria & Ristorante,https://villagepizzeria.com/,New World,2016 Ron Rubin Pinot Noir,,Bottle (1.5L) $85
Village Pizzeria & Ristorante,https://villagepizzeria.com/,New World,2008 Corona Majore Counnonav di Surdegna,,Bottle (1.5L) $110
Village Pizzeria & Ristorante,https://villagepizzeria.com/,New World,2011 Rubesco Montelpuciano,,Bottle (1.5L) $185
Village Pizzeria & Ristorante,https://villagepizzeria.com/,New World,2006 Chianti Dievole Broccato Rosso,,Bottle (3L) $250
Village Pizzeria & Ristorante,https://villagepizzeria.com/,Menu per Bambinos,Grilled Cheese Panini,,
Village Pizzeria & Ristorante,https://villagepizzeria.com/,Menu per Bambinos,Crispy Cod Fish Sticks,,
Village Pizzeria & Ristorante,https://villagepizzeria.com/,Menu per Bambinos,Crispy Panko Chicken Tenders,,
Village Pizzeria & Ristorante,https://villagepizzeria.com/,Menu per Bambinos,Grilled Chicken Breast Strips,,
Village Pizzeria & Ristorante,https://villagepizzeria.com/,Menu per Bambinos,Fries (French or Sweet Potato),Choose two sides:,
Village Pizzeria & Ristorante,https://villagepizzeria.com/,Menu per Bambinos,Steamed Broccoli,Choose two sides:,
Village Pizzeria & Ristorante,https://villagepizzeria.com/,Menu per Bambinos,Fresh Veggie Sticks & Apple Slices,Choose two sides:,
Village Pizzeria & Ristorante,https://villagepizzeria.com/,Menu per Bambinos,Spaghetti or Penné Pasta,,
Village Pizzeria & Ristorante,https://villagepizzeria.com/,Menu per Bambinos,Five Cheese Ravioli,with Marinara or Butter Sauce,
Village Pizzeria & Ristorante,https://villagepizzeria.com/,Menu per Bambinos,Meatball,,
